{"cameraMode":{"drawMode":0,"name":"Shaded","section":"Shading Mode"},"sceneLighting":false,"audioPlay":false,"sceneViewState":{"m_AlwaysRefresh":false,"showFog":true,"showSkybox":false,"showFlares":true,"showImageEffects":true,"showParticleSystems":true,"showVisualEffectGraphs":true,"m_FxEnabled":true},"in2DMode":false,"pivot":{"x":1966.8609619140625,"y":584.7222290039063,"z":730.6732177734375},"rotation":{"x":0.0007337565184570849,"y":-0.9880202412605286,"z":0.15418896079063416,"w":0.004735603462904692},"size":135.78855895996095,"orthographic":false}